Review Text,Sentiment,Team
I just love this app..,0,[]
A money saver. Prompt service and nice collection.,1,[]
Awesome collections,1,[]
Look beautiful with FLYROBE,1,[]
"Hi, awesome services and employees are understanding... Outfits are really beautiful...",1,[]
thiz is selling site or giving cloths on rent???,0,[]
"Though there were some technical glitches with the app..But I am amazed with the service. Within 2 hrs the dress was at my place. In such bful packing, a complimentary gift and a Valentine's chocolate..U've solved every girls' problem..Kudos to the team fr executing this concept. Totally in love with Flyrobe",0,[]
I don't have a Facebook account so can you update the app for which we log in from Google as well,1,[]
Perfect app for all the girls.,1,[]
Takes ages to open the app...and only allowed to see after I login with fb not otherwise....thaats the worst thing and a put off for me to continue,1,[]
Had amazing experience with flyrobe.......,1,[]
Loved the app,0,[]
Very good.,1,[]
Loved it! Nyc service:),1,[]
What's the use of these collection when they can't deliver.They are targeting all over India by asking if you want us to come in your city first target a state.Please mention in the website that if its Mumbai then what places in Mumbai are covered so that people won't wait till last moment to place order & during order confirmation they are informed order can't get deliver.It will be good if you will have list of dates on your website so that custmers can knw d availability of dress rather than checking D&N,0,[]
"Please test your app thoroughly before putting it out for the people. I am guessing the collection is pretty fine as I never got a chance to see even one dress. Just putting a video in the app opening page doesn't not prove anything if it's unable to do the basic things, that is navigate through the app. Kindly fix it.",0,[]
I loved it,1,[]
I loved it,1,[]
"Hi I m unable to view details of some dresses, page is unresponsive, can't enlarge or see any description, size guide, or add to cart option. please fix it urgently! I really like this app n concept I will order if you fix this!",0,['tech']
3hrs perfect service... discount was also awesome .... & yes the matching jewel was surprise .... Worth it... Loved ItÃ°ÂÂÂ,0,[]
I ordered an outfit and it got delivered within 1.5 hours! The packing was impeccable. Definitely gonna suggest to all my friends. :),1,['tech']
Do i love flyrobe or i LOVE flyrobe awesome service and the clothes are amazing this is my second time ordering and i loved it keep it going,1,['tech']
Superb,0,[]
Piece was fresh n new. Well maintained. Worth every penny. Supa happy,0,[]
"I would definitely give a 5/5, once the clothes starts smelling good. I ain't telling clothes smells foul. But a good smelling cloth is a yes! Yes!",0,[]
"Flyrobe Which really make me feel special. Amazing Concept which make girls to solve the day to day problem of wearing outfit on occasion and to be perfect on her occasion, Not only perfect but very especial. Its help WOMEN to wear such pretty branded dress at reasonable rate.",0,[]
My wife has ordered multiple times and the quality and service was flawless,1,['tech']
"Amazing concept, Time Saving, Money Saving..!!",0,[]
Nice concept,1,[]
I ordered 2 dresses from fyrobe and both of them were superb. Was a little disappointed with customer service when I orderd after 8PM for the next day. Customer service should take care of customers even after 8PM.,0,[]
"Amazing experience. The packaging is so cool, even the things we buy online don't come in such good packaging, but a rental dress comes to you like a gift packed for a princess! The service is very good. Quality of the product is great. Thanks team Flyrobe for introducing such an amazing source. Adding to it, I would like it even more if you keep more options in XS sized dresses for skinny girls like me. Ã°ÂÂÂÃ°ÂÂÂ Lastly, I would recommend everyone to use Flyrobe.",1,[]
Its really very appreciating the thought of the founder i really like it,0,[]
I seleted drss for my wife she felt so hppy to have tht beautiful drss and free jewellry ... Found it so amzing ...,0,[]
"Hiiiii, this is too good nd fablous dresses, there outfit is also awsm nd i like it",0,[]
Perfect app,0,[]
I would definitely give it five stars if they would start login or sign up with Gmail account on the app that would be more convenient please take this review into consideration Ã¢ÂÂº,0,[]
I LOVE the service the quality..it makes me feel happy when i get the product delivered.. good job,0,[]
Amazing app looking forward for more Ã°ÂÂÂÃ°ÂÂÂÃ°ÂÂÂ,0,[]
"Loved the app, it is quite convenient to use. The dresses are of good quality. I recommended it. :)",0,[]
"Amazing service , dresses well packed and free jewelry is NYC service...",1,[]
I have ordered an outfit from flyrobe and it was awesum.. the outfit was so neat & clean as if its new.. also the customer support was awesum.. and got it delivered at my doorstep.. very happy with overall experience :) Thanks to the team,0,[]
i have been using your service and find the collection good. Had a nice experience. Resonable price......,0,[]
Good flyrobe in dehli,0,[]
Got the dress before time..all clean as if new. A complimentary accessory and vouchers for a cab ride. Very thoughtful of flyrobe. I m gonna Book Wear Return Repeat,1,['ops']
Liked the styles and deals offered,1,[]
Great app,1,[]
I would love to get a piece of ur collection but the moment I proceed to even check the details for a particular outfit...the app shutsdown....it's quite annoying...please help,0,[]
Had an amazing experience renting an outfit..,1,[]
Definately they deserve 5 star. Always on time. They have good collection but would appreciate they can add more to it. No other issues. Good luck!!! Ã°ÂÂÂ,0,[]
"This is a great way to own clothes for an occasion, rented a jacket and was very pleased with the service and pickup. Just a suggestion please add more options in shirts and tops in your casual category.",1,[]
I love it,1,[]
I love it,1,[]
It was a fab experience n I look forward for many such awesome experiences. Team flyrobe take a bow. M extremely thrilled by d idea of both buying n renting d outfit.,1,[]
Never thought renting wud be awesome .got such an amazing and quality service at such a cheaper rate...Thanks flyrobe team for such an amazing venture. ..,0,[]
Awesome service give at very reasonable rate...!!,0,[]
Fulfill the desire to wear what we dreamt of ..... love thiss .. just superb,0,[]
"I love the concept, the variety and customer service. Just add up more login options please .",0,[]
Love flyrobe,1,[]
Very authentic collection at very cheap rate.. awesum service at doorstep without any trouble.. i have planned a surprise for my sister's b'day and team flyrobe made my surprise amazing.. thanks to the team for the wonderful service.,0,[]
"life has become easier for a number of women in Mumbai. Renting clothes on-the-go has been a dream for most of us but now itÃ¢ÂÂs just as simple as a few clicks. Other than providing ready to wear brands, Flyrobe also delivers Custom fitted designer wear. From Lehengas to sarees, you will find everything under one roof. The best part is the prices are quite reasonable.....",0,[]
Keeps restarting again and again. App is not smooth at all. Please fix,1,[]
Could you tell me more about the app if u guys accept cash on delivery ?,0,['ops']
Loved the prompt service,1,[]
I always wanted to start an app like this but u guys did it and this is really unique and I hope this idea should be praised by everyone . So all the best Ã°ÂÂÂÃ°ÂÂÂps : 4 star because there is always scope of improvement u know,0,[]
"Everytime a new collection to wear for every occassion.. An awesum solution for every girls problem of ""have nothing to wear :P"".. Keep up the good work team #Flyrobe for saving our money.. It saves 10times the amount we spend.. Hassle free.. Saves Time and last but not least "" Now she can wear sumthng new on all occassion ;)""",1,[]
I am pissed off with number of time this app crashes down. They have awesome collection but what's the use if the app itself is not responding to the command. Every time I want to see full picture of any thing it just gets shut down... Pls solve this situation otherwise this will be only a show off app which does not work.,0,['tech']
Awesome Service,1,[]
Good collection but it's too costly too buy as a rent because we can get it buy spending some more money as in retail.,0,[]
"Awesome App, Superb Collection, Amazing Service.. Overall an amazing experience.. Technical issues has been resolved after updating the mobile.. Way to go more team!! :)",0,['tech']
I've referred 3 of my friends based on my past awesome experience with Flyrobe.. They've placed their orders but the referral amount isn't reflecting in my account. I need 2 order dresses for today's party..Plz fix this issue asap..,1,['tech']
Amazing app..it has a wide variety of clothes with good quality..just a suggestion tht it would be easier if we could book western outfits too!,0,[]
Amazing app..,1,[]
I liked d clothes in this app but they are not delivering it all over India please take dis review into consideration and make a note to deliver it in all parts of the country,0,[]
"A few comments below who have complained about things like not available in your area and stuff, i personally feel it is also the customer's responsibility of checking about your requirements like location, mode of payment, sizes etc before blaming them. You should do your homework and if you have any issue their helpline is amazing. I've had a lovely experience with you guys. Yes there were a little bit technical faults which were solved quickly. Have recommended everybody i know. Keep up!Ã¢ÂÂº",0,['product']
This is best fashion rent app.. my first order was successful nd the dress was in its best condition when i received it... love it..Ã°ÂÂÂ,0,[]
I loved it...dis app is a complete solution for all my needs...no problem in delivery or pick up or quality of clothes...the customer care support is superb!!!,0,[]
Great stuff,0,[]
"Great work ,dress was amazing clean n hygienic good service just one request pls increase variety for XS size .. very few choice for this size . Its a sincere request . Rest perfect !",1,[]
Some really awesome service they have. Superb!!!. Made my day.,1,[]
Amazing :),1,[]
"Guys, they will surely come to your city, please be patient. Had a wonderful experience :)",1,[]
A really classy app.,1,[]
"Brilliant idea, great service and impeccable packaging.",1,[]
Awsum service with very good collection,1,[]
Superb collection at cheap rate.. awesum service.. timely delivery.. hassle free..,0,[]
Smooth service :),1,[]
Had a great experience all the 3 times :),1,[]
"Tried flyrobe for my friend's wedding and loved it. The dress was amazing, just as the picture. Had a minor fitting issue but they sent a tailor for delivery who re-fitted the garment perfectly right at my doorstep. Highly recommended. Its a great idea!",0,"['tech', 'ops']"
Best service....with profesionalism....my wife is happy with the outfit....i loved it....,0,[]
i luv this app as i can easily take on rent with realy amazing amount.. thanku flyrobe for such a nice experience ....,1,[]
Nyc experience as it help me to choose n even to get on less amount... thanku flyrobe,1,[]
Thanks to be the part of delhi as we are enjoying with ur outfits,1,[]
"Excellent This idea will be considered as one of the top most idea in near future...the name itself saying how cool and thoughtful people are connected with ...Can't wait!!! Something that I wanted always!! Why spend on clothing when I can spend on partying.Flyrobe Which really make me feel special. Amazing Concept which make girls to solve the day to day problem of wearing outfit on occasion and to be perfect on her occasion, Not only perfect but very especial. Its help WOMEN to wear such pretty branded dress at reasonable rate. Best part of the outfit is its steam ironed and presented in well manner which really look good and also hygienic, About the services punctuate during delivery and Pick up.",0,[]
"Hi, this is really help full warehouse we can find drss online and take it on rent with low amount ... Thanku flyrobe",1,[]
"beautiful feedback , But only one FLYR0BE is is enough for a beautiful services. ..............",1,[]
FLYR0BE is outfit beautiful but ours is my favorite Rent FLYR0BE.C0M,1,[]
"Loved the dresses, the services and the customer care is so helpful, taking the extra step to help, esp Farhin :) thank you Flyrobe!",1,[]
Best place to rent high end dresses In a very reasonable prices..... service is Awesum and colllection of all dresses are to live by!!! Must.Must.Must to alll you ladies ...... ;),1,[]
Osam callection in flyrobe and super app,0,[]
Great experience!,1,[]
"Saw it on Instagram, loved it and downloaded the app immediately. Also logged in from FB, now it's taking forever to load the homepage. Why is it that slow.. How will I check out dresses and order, if homepage will take so much time to load??",0,[]
Anarkali was fab... Outfit was as good as a new outfit.. Well packed .. Fitting was just proper as per my size ... Top of dat... Wearing designer outfit gave me feeling like a DIVA as got a lot of compliments... Experience was amazing... Will definitely order again...,1,[]
"Ordered a lehenga for my best frd's wedding, very well customized.... Dress was perfectly altered.. People were really curious to know that where I get it from... Awesome experience ... Lots of love to flyrobe.. Thanks for making my event fab.. :)",1,[]
"Had superb experience with you guys, very well customized. Loads of love :)",1,[]
Had a lovely memorable experience with the Ethnic gala collection as superb custom fitting and amazing customer service from start to end.,1,[]
Hometrial adds a plus point in your service. Totally loved it :),0,['ops']
This is the first app on rent where they have designer dresses on rent with good trendy dresses in budget rate with no shipping charges n pick up free. Loved it,0,[]
Wore to my friends wedding. Absolutely stunning,1,[]
much needed app ... great idea !!Ã¢ÂÂ¥Ã¢ÂÂ¡,0,[]
Amazing collection... @affordable prices .Also love the customer service and the delivery service...very efficient and helpfull !!!,1,[]
NYC collection for girl... Happy to see that it's in Delhi as well,1,[]
Loved it thanks a lot,1,[]
"I really loved few items, but i wanna buy them. Is there any provision of buying them?",1,[]
I ordered a very pretty shirt today.awesum it is! And they delivered me my order within 2hours. Thanku soo much flyrobe! Very nice service,0,['tech']
Awesome collection. No shipping charges. M lovin it :),0,[]
This app made my vacation wonderful wow what a dresses and i got so much compliments..every my friends invested so much money in buying clothes and i just clicked to flyrobe and all problem solved....i saved money and as well time....keep it up guys...,1,[]
An application with great concept. Great and polite staff. Hygiene maintained. Just a request to launch this app on IOS. I get to use this app only from Dad's phone .,1,['tech']
I order a jacket of worth rs.249..paid from Wallet to get 100 off...then chose a online mode for payment...rs.149 deducted from my account..but order has not placed...there is no order history too ...i think this is fake ...,1,[]
Looks to be a very good idea for rental shopping.Downloading nowÃ°ÂÂÂ,0,['product']
Thanks flyrobe!!! Great job..!!!,0,[]
Please do something with the login process. It's really sad that fb account is must to login. I dont use fb. N i wanted to use this app but can't use it. Please add an option where people who are not on fb can also login through email. Asap! :),0,[]
Y is it mandatory to hv an fb account to login ??? Im not at all interested to create an fb account just to log into ur app. U must add at least Gmail log in.,0,[]
I just live everything about them. FAB collection and pocket friendly rentals.,0,[]
Superb app,0,[]
Wonderful experience :) They are very prompt.,1,[]
"As much as I appreciate the concept of clothes on rent, my experience has not been a happy one. Not once but twice, my order has reached me 3-4 hours late. Please understand that if you have time slots for the convenience of the people, atleast stick to them.",1,['tech']
The outfit was perfect..... Just loved it.... i totally recommend Ã¢ÂÂ¤,0,[]
"Flyrobe is a life saver. I couldn't find a pretty dress anywhere in the stores for my farewell. So I decided to try out flyrobe. The service is amazing. And the dresses are wonderful. And you get to wear beautiful dresses and it costs hardly any money. Plus, their complementary surprise accessory is such a nice gesture. Thank you Flyrobe!",0,[]
Best app!!!,0,[]
got to know about this app from #desirebyaparna. and i liked it,0,[]
U just made my day really special for me.,1,[]
Amazing experince with flyrobe... thank u so much flyrobe team i had requested my stuff at the last moment and i had it pretty well before time.... you made my day... thank u aton.... waiting for more occasions wer i can get back to youll...,0,[]
I really loved the concept and your service. But something is missing thats... you should increase jewelery collection and add footwears,1,[]
You have a very nice collection but only for limited size.i wish that you customize according to customers specifications not some fixed sizes.,0,[]
great,1,[]
great,1,[]
Amazing app,1,[]
Amazing app,1,[]
Totally love it....,0,[]
Hi I have order a traditional dress for my mom and love your service and your fitting expert is really brilliant thanks to you to introduce an amazing company. Thanks a lady name Amandeep she helped in re-alteration at last minute. You guys are doing amazing job. Appreciate your team work.,0,[]
I jus love d experience of using dis app on my college functions .....dayouts with frnds. ...party time ..every moment made special with branded clothes n accessories ...grt app,0,[]
OK!,1,[]
"Hi,can you please add some collection for jean and shoes also.",1,[]
I made the order in aftrnoon at 3 and acc to them they have 2 to 3 hours deleivry process i thoght i ll receive my dress max by 6 bt i thoght evn i could receive it at 7 that would be fine .bt dere operations team is so.poor dey said we cnt gve it by 9 morover dey packed d wrong dress i told her to deleivr by max 8 bt neithr didnt pick up my call nor dey calld me bck i dnt know is my dress going to come or not.very very poor.dey spoiled my party,0,['tech']
"If you don't want to repeat your dress, Flyrobe is at your rescue",0,[]
"I ordered a dress yesterday, it came today..The dress is drycleaned, ironed and as good as new. And the packing is soo royal...I even got a complimentary accessory to wear with the dress. It Was my first time but will keep trying it from now on. It's a dream come true for girls out there..You should definitely try it!!!",0,[]
I m soo much impressed that I think no possible permutations of 26 alphabets will be enough to praise this easy to use... Flawless application :) thanks,1,[]
I hv not seen ever such beautiful collections...I wish to buy them..not to take on rent...can you pleas make efforts on selling the product with affordable price..I thnk it will make u more popular n competative..thk you,0,[]
"This is a truly delightful experience, home delivered your choice of garment for any special occasions without burning your pocket .. No dry-cleaning required , delivery boy comes and collect at you suitable timing . please do try it :)",0,[]
But can I disconnect my fb account frm urs nd use it other way...Hence forth I expect Flyrobe to giv a solution for it...Can I use it without Fb connect plss...,0,[]
"Even though I haven't ordered anything yet, but I do wish to. Could you tell me if you have more collection in the website ? Coz I've only browsed it on the app and felt that there is a need for more collection. Well just suggesting . Keep up the good work.",0,[]
Superb work,0,[]
"Loving it, pls start small budget kurti's also. Anyone ordering for the 1st tym from flyrobe use the code HJRZCAY and u will get flat 600rs off.suprb app I love it the most.",0,[]
good,0,[]
Got the Dress everything on time... But no proper reply For security Amount please help,0,[]
"In love with this app, very helpful and affordable the clothes are lovely.. had an amazing experience.. loved the complimentary earings I got Suchha lovely little surpriseÃ¢ÂÂ¥Ã¢ÂÂ¥Ã¢ÂÂ¥",1,[]
Amazingly nice app . Easy operations. Quality products. And surprises attached sometimes with the product . Reasonable enough . Highly recommended app. Great job !,0,[]
I love ittttt.....!!! #fan of urs:p,1,[]
Amazing service and cooperation from Flyrobe ...also sent a additional jewellery with the dress I had ordered. Very impressive packaging and presentation .,1,[]
Ordered a dress...and got accessories free...amazing app...and quality packing and on time delivery is what add beauty to it.,1,['tech']
I had a lovely experience with flyrobe. It helped when i was not able to shop and even was not willing to spent much. It was pocket friendly as well as high quality.,1,[]
Their services won't let you ever be disappointed. Their follow ups are definitely the quickest than most other service providers. The best thing is that the way they deliver their products! It's definitely a wonderfully exciting feeling when we receive the huge box! Definitely a box of happiness! And as they are expanding you can order it in various places! They cater to all types of wear! And their pricing is easily affordable! So don't think twice before you download this app! You won't regret it!,0,[]
High rates of rents even on non elegant dresses,0,[]
For how long we can rent the dress and what would be the charges. please revert asap as I need a dress,1,[]
Loved it...keep it up..awesome collection & best service,0,[]
Now flyrobe should try for footwears as well,1,[]
In Love with this App,0,[]
Loved it. Ã¢ÂÂ¤,1,[]
Can we exchange the dress after being ordered...like after being ordered nd wear we might feel like its not suitable for our body..,0,['tech']
Totally in luv with this aap... this is amazing.Ã°ÂÂÂÃ¢ÂÂ¤ hope you guys make this aap available in all states of india,0,['product']
Haven't found any fashion apparel app so graceful and convenient as Flyrobe! KIU!!,0,[]
"Whenever I try to apply any filter, the app stops. Please fix this issue. Although, the concept behind the app is innovative.",0,[]
"owsm web site , lovely way to deliver dress..... h relly like it",0,[]
What could be better than borrowing your blinge?,0,[]
Amazing collection...,1,[]
Its amazing,0,[]
"It ws a great experience for me , such a nice product, quick delivery and superb presentation",1,['ops']
How is it that I find some dresses on the website through the browser but I don't get it on the app?? I just installed it after finding those awesome dresses on the website but it seems I can't rent it.,0,[]
"Your services is not available in cities of rajasthan. Please available your services in cities of rajasthan such as jodhpur, jaipur & udaipur also.",0,['product']
Its have very big amount but rent rate is ok,1,[]
Loves it,0,[]
I had 2400 credits and now it is zero.. I didnt use that . I earned those credit by promotig your app and you Cheated me. I want those credits back,0,[]
"I m continuously trying to order some outfits, But this app is not working at all. Crashing again and again while placing an order . please do fix it as soon as possible!",0,['tech']
"Ordered a lehnga recently, and I am so so happy about this decision. Everything was perfect, from their service to the outfit. Great job guys!Ã°ÂÂÂ",0,['tech']
Some amazing dresses ..and delivery has always been on time ..love it!,0,[]
"The app is not working. Despite re installing it, it's crashing. Please look into the matter.",0,[]
Amazing collection! Loved it!,1,[]
Ordered it for my girlfriend. She totally loved it.,0,['tech']
Super awesome stuff,0,[]
Beautiful clothes on rent!!,1,[]
"Best user interface, on time delivery ...totally loved it. Keep rocking guys",0,[]
Great Western and ethnic collection.Best services...from ordering dress to pickup.... every thing went so smooth.,1,"['tech', 'ops']"
I m continuously trying to place order from.last 15 days but it is not getting download .wasted my time n energy.,0,['tech']
Kudos to both idea and easy user interface,1,[]
I had used dis app earlier it ss a great app bt now as dis app has gained popularity there is no dress available for nxt 10 days atleast if a person has to rent it he would get to know it instantly or 1 or 2 days before.if the person has 10 days he or she might prefer to buy it.dey have no dress available till next 10 days and vry few dresses for 5 days,0,['product']
Hey Plz dlvr Ur Order at Thane kalwa place ur app Completely gr8 we luv,0,['tech']
"Impressive design and hassle free service , within 60 seconds I ordered the dress . Kudos to the developers!",0,['tech']
Had a really good experience,1,[]
Good,0,[]
Good,0,[]
I found out this app by my friend and ever since i am in love with it... Each and everything i have ordered was in best condition . Keep continuing the best class service . All the love Ã°ÂÂÂÃ°ÂÂÂ,0,[]
"Although I love flyrobe because of my friends but here is an advice ""why don't you hire good technical team"". Usually my friends Oder through your app but it usually stop at regular intervals and most of the time it stopped working too ....",0,[]
I love this app Ã°ÂÂÂÃ°ÂÂÂ,0,[]
Its not working..no use waste of time,0,[]
Sometimes I have urgency of going in party or events. I've tried many of times place ma order bt there's like for long hours your website or app have some technical issues. So I can't place ma order. Fix this issue on your App & website. Else it's better not to hopes up & shop on ur sites.,0,['tech']
"Good concept, all the best",0,[]
How i will get free order.... of 600 #flyrobe,0,['tech']
Good quality... Superb,0,[]
I like the concept. Giving branded wears on a lowest rent really gr8...,1,[]
Collections are so good ethnic wear collections are very good,1,[]
Nice one,1,[]
"Loved it. Now i dnt have to think twice for expensive dresses , Flyrobe is the solution . I can rent those . Nice app with nice collection",0,[]
The app is awesome! Ã¢ÂÂ¤,0,[]
Amazing experience with wonderful service.. Quality of the outfit was as good as new..,1,[]
Nothing to wear? Just rent it from flyrobe. Top brands and latest trends all in one app. I ordered a dress for a party and it turned out to be as pretty as it was in the picture . love it,0,['tech']
Rented Lehenga for my brother's engagement. My new designer lehenga was custom fitted and delivered at my door step on time.Awesome services.It made my day. Thank you Flyrobe Ã°ÂÂÂ,0,[]
It is very wonderful app for bying ... i love it,0,[]
"What an amazing, much needed App for every woman's #I have nothing to wear problem . Flyrobe is that perfect platform for every woman who wants to look gorgeous and glam without spending a bomb. The App works well and has some really cool aspects like the fashion blog, outfit suggestions as per the occasion.In love with this App and I am not deleting this App ever!!! :D",1,[]
Collections are so good and nice app,1,[]
Excellent job,1,[]
It's great to have a wardrobe which covers almost everything you wanted to try.App works awesome.Good job!,1,[]
Fabulous Ã°ÂÂÂÃ°ÂÂÂ,1,[]
"Ordered two outfits which turned out to be as beautiful as they were looking on the website! Impressed with the service. Everything is so systematic. The whole process starting from order confirmation, measurements, drop and pickup of outfits and return of security deposit, whole of this complex sounding process is being streamlined in the most effective manner! Loved every bit of it!! Loved the outfits !! Customer care executives are extremely polite and cooperative! I couldn't have asked for more!",0,"['tech', 'ops']"
Just simply loved it,0,[]
"beautiful feedback , But only one FLYR0BE is is enough for a beautiful services.Great ..............",0,[]
R u kidding me...bkwas,0,[]
Its an amazing app with an amazing concept of why buy when you can rent.....totally in love with it...it is saviour for a girl like me...loved their service and the products too Ã°ÂÂÂ,1,[]
I have a query about the security deposit on ethnic wear. When do I suppose to get it back and how ?,0,[]
Awesome collection plus awesome service..premium quality Ã°ÂÂÂ keep expanding guys..u rock..!!,1,[]
Loved the idea of having my own wardrobe -with out owning it,1,[]
Loved the collection,1,[]
Awesome collection and customer service,1,[]
The clothes may it be western or ethnic all are juus amazing.. very good collection,1,[]
Best customer care service ever experienced...'....Loved it thanks priyanka,0,[]
Very very good feedback from the customer care services.very much helping,0,[]
Loving it,0,[]
Love this app... Simply amazing!,1,[]
"Luv the products, price, service. For the 1st tme, i hv seen sch a grt app. Womens must satisfied and feel happy aftr gtng the product. Great going flyrobe. M happy to be a part of urs.",0,[]
"Very nice collection, please start in pune soon.",0,[]
But I don't get one thing that what's the Rental...? It meant that I will have to return after the specific day.. Please illustrate what is this..,0,['ops']
Plz hlp,1,[]
It was fine before but u guys really need to work on your app..Zero navigation ease .I've uninstalled it like 5 times & installed again.Also my credit points worth 3800 are lost. Don't know what to say,0,[]
"first time user, awesome experience. amazing service, delivery on time. will definitely use it again",0,[]
Loved your collection.. start your services in nashik soon..,0,[]
I suggest all of you to beware!It's been a month that I have not received my refund for ethnic wear order security deposit.Everday I have to follow up at the call center and invest my time but all in vain!Half the time they don't pick up and promise to call back but no response!Give back my mony,1,"['tech', 'ops']"
Awesomely designed I would absolutely be renting from this application fight frequently all kinds of vacations this is a must have application on your phone,0,[]
Awesome collection unique Idea the rental charges are really low and for almost 4 to 5 days you can get it every time,1,[]
I had been taken the cloth on rent from another site that are too much boaring to use also didnÃ¢ÂÂt available the range of cloth and also chief quality cloth and disappointed a lot.,1,['product']
You can rent designer wear and premium brands at a fraction of their retail price. No more looking for discounts to buy that designer cloths.,1,[]
Other apps like koovs and voonik are disappointed to me and provide a worst quality cloth. Is a nice that this app isnt like them thank you flyrobe.,1,[]
refer code kaha hai,0,[]
It's fake Fb par dress ke niche kaam price likha hua Hain app download Karne ke bd. 600ki dress 6000ki Nazar aa Rahi Hain. App download Karne ke liye bullshit harkat Hain ye. Be really okay fake hone se apko Good well nhi bnegi,0,[]
if you don't have enough clothes for a particular location live you can rent it accessories too,0,[]
Single application it has been one of my favourite I totally uninstall milk and egg applications long time ago,1,[]
One of the most awaited app of the year this has this application has all that you wanted one place very hygienic and also I regret for application ocational purposes,1,[]
Such a cool app it is. You can find all kind of under one roof that too for such amazingly low prices.,1,[]
"I came accros roposo app which is a competitor for flyrobes , I used roposo but it was a bad experience.too which flyrobes was better",1,[]
"vooniky newly launched application provides the same facility as flyrobes and roposo , but the quality of the cloth is not soo good as compared to the quality of the colth provided by flyrobes",1,[]
Always on trend and updated collection. With so many brands and a wide variety to choose from. This app never fails to impress me in terms of women clothing.,1,[]
Their sherwani and suits collection is to die for. This app has so much variety to choose from. Enjoy shopping from this app.,0,[]
I have enquired about renting and the pre wedding photoshoot via chat with one of the executive. But its been more than 12 days that I have not even got a single call. She took my all details. I am still waiting for answer of my queries.,1,[]
I really more affordable rather than having to buy costly of clothes that you would never wear this is one of the must have applications for any girls phone,0,[]
Delhi if I wear a dress I need not spend lots of money and effort and trying to search for a 10 bit I can use this application instead says me a lot of time and efforts,0,[]
My favourite top stylish celebrities and fashion brands switch off too costly to buy are available so cheap leave her to rent you can use it every time you need to wear a,1,['product']
Match pandamania applications all the products are available for all kinds of possible colours prices and sizes and brand,1,['product']
Online unique rental market parole the passionless is definitely get this application once you use it will never go for any other App,0,[]
Realy nyc,1,[]
The huge collection and wide variety of clothing this app has something very difficult to find elsewhere. Very versatile collection. Caters to everyoneÃ¢ÂÂs taste. No one can be disappointed.,0,[]
"Wide range of clothing at very affordable prices , makes me shop non-stop from this app.",0,[]
Application City totally go for the SAP over any other applications they have a diversified range of clothes to,0,[]
Have been using flyrobe for a long time now and I need not get any other application for fulfilling all my clothing need,1,[]
Application they have everything in it online available seriously going through this application I can get anything that I want,0,['product']
Very simple and unique concept application has so much to offer for both men and women shopping me the features how many products to,1,[]
Menu application have a really bad delivery this application is so much better than all those,0,['ops']
Yas,1,[]
Raposo I was so sorry that I've got the clothes from raposo it was really bad this application is totally good,0,[]
For all S dresses that you have even if you need any kind of dress accessories when you can use this application to rent them out,0,[]
I no,0,[]
Set really simple I am a big fan of you buying clothes but I stop buying clothes and I found out about this application,1,[]
Many other applications are really bad this application is so much can I stop using roposo after I got this one,0,[]
Cool application the products are also missing the fool you need not use any other application once you start using this one,0,[]
Goodapp,1,[]
Klingfvbj,1,[]
Abcdffj,1,[]
This app has a very vast variety to choose from for all kind of occasions and the collection is always trendy and updates.,1,[]
Amazingly cool application with grid services using this application for quite a long. of time now have any complaints on issues with add,1,['tech']
9JIWELE,1,[]
that you cannot find in many other applications to click woolen Pan application to use for rental services,1,[]
I hate this app,0,[]
Disgusting Apps & it's a one type of Froud Business. The Apps pay Money for Good Good Reviews. Its a very Rediculous Worst apps,0,[]
No because I have a user's application for all kinds of women shopping experiences is really Gudiya,0,[]
Proportional applications do not guarantee you good product and also you end up buying lot of bad clothes rather than trying to get good clothes you should definitely go for this one this application is a completely entire or someone definitely awesome,0,[]
"Order 2 dresses for my wife and never received them. Their delivery boys are highly unprofessional ! I chose delivery slot of 10-12 in morning and even after constant follow up with them they never seemed interested in delivery and they were like ""Aap complain kar do"". I can't trust you guys at all. Advice to others, please don't trust them, they will surely ruin your important day!",0,['tech']
"Customer service is horrible. Their delivery people are always late. Knowing this, to ensure timely delivery I called customer service well in time to remind them. Inspite of that, the delivery didn't happen on time, and they refused to give me a revised estimated time. I am supposed to wait all night for when their delivery person decides to show up. And at 45 mins past delivery time, they tell me that order has 'been packed'. Mind blowing incompetence!",0,['ops']
Not find any other application that come close to this application this has all the clothes that I need anal and everything is available on their prices it is really want to rent,0,['product']
Fashion destination for all kinds of frontal clothes shopping you can get all the designer where at a fraction of MRP it is really my favourite online shopping store,0,[]
My firstly experience was terrible. Downloaded app and its say something went wrong try refreshing did 10 times same thing repeated. HATE IT .,0,[]
The person has a lot of clothes but you never use it which makes it very bad I feel guilty but this application has made me so much good,0,[]
National brother also available here I got a van Husen dress which was supposedly very costly fat such a cheap price from this application,0,['product']
Singh is really difficult when you need to shop for some clothes are not easily available you should definitely try this application,0,['product']
Thhfr,1,[]
Definitely go for the application you need to try do not trust on others bad reviews,0,[]
Wonderfull app,0,[]
"I just hate roposo app , this app is not good for shopping at all , flyrobe is more well and good than this .",0,[]
Can any1 post here refferal code,0,[]
Its time to standout...... this app contain this standout feature. If yoy got the clothes on rent over flyrobe the. After wearing you will show how look you are. You may upload your new look photo,0,[]
Nise shoping,0,[]
A worst app are roposo also disappointed me does not have a good collection like this application does I would totally recommend you to get flows from this application its too good. awesome choice doesnÃ¢ÂÂt available here.,0,[]
There are many suits are available on rent over the flyrobe app. I had used these classic suits many tim which is booked over the flyrobe.,0,[]
Flyrobe is an unique concept in their own aspect instead of buying cloths it will provide rental facility on cloth to us.,0,[]
The service was really good not like another application like voonik on Myntra I need really bad service,0,[]
"You can get here official lunches , club nights to weddings , you can rent designer wear and premium brands at a fraction of their retail price.",0,[]
Very expensive,1,[]
"Have been trying to order clothes, accessories.. but dates are blocked till mid December.. it seems a lil impractical to plan out renting 2 months in advance. Useless for me",0,[]
makes it so black rather than to get clothes for high prices you can rent it on line,0,[]
Patience like ozona for not providing good services Dale often lose the packages of clothes,0,[]
Such a pathetic delivery service. I haven't receive dress even after two days of placing order and customer care executives seems to be clueless.,0,"['tech', 'ops']"
You ppl are the worst placed my order at 12:30 on 30th it still hasn't come and I left the office after 6:30 wasn't it obvious the someone had ordered it for Diwali and you can't even call on the number which was given to you.,0,['tech']
The worst application roposo also disappointed me does not have a good collection like this application does I would totally recommend you to get flows from this application its too good. awesome choice doesnÃ¢ÂÂt available here.,0,[]
Once I had been taken the cloth on rent from another site that are too much boaring to use also didnÃ¢ÂÂt available the range of cloth and also chief quality cloth and disappointed a lot.,1,['product']
No proper choice for western outfit,0,[]
now we can rent for a designer wear and premium brands at a fraction of their retail price. No more looking for discounts to buy that designer cloths.,1,[]
Order got cancelled at the time it was to departure.IF cancellation happens try to let us know before.No response properly.,0,[]
Nc,0,[]
outsmarts koovs and many others. It builds on things.,1,[]
with us application it is really convenient for renting all the clothes and everything you find everything at very cheap prices,0,[]
I don't see the need to go for any other applications because this application provides you the ocean services at reality private,0,[]
Vacations at is available on the Play Store right now without this application it will be so difficult to go for online shopping at all because they are so costly,0,['product']
Are you thinking confusions can be gone without application helps you to get all the great collection and sms online at one place,1,[]
"I had placed an order for lehnga and on the day of delivery only I had to follow on it when it didn't reach,on which they mentioned that lehnga was missing.No msgs or email from their side which was highly irresponsible and unprofessional .If they had informed in time,I could have arranged for something .So I would highly suggest not to rely on this spcly if you are planning to rent on special day.They will spoil ur day and would copy paste the standard apology mail as I have seen for oder bad reviews here",0,[]
Chug,1,[]
I think this app is soo amezing,1,[]
Fg,1,[]
Instead of buying clothes renting is really cheaper and it is available at every fraction of the amount you can also pay by cash on delivery,0,"['product', 'ops']"
I'm really commendable efforts I do application I will never go for anything else,1,[]
Application for renting services this application deserves a lot more than 5 stars,1,[]
Hey flyrobe..i wanted to ask that its written rent Ã¢ÂÂ¹ abc. So does dt mean its for rent ? Or it will belong to us only afyer dat?,0,[]
Review,0,[]
Addicted,1,[]
Very professional services addicted to this application now get all my rental clothes services from the ApP,1,[]
hami9140,1,[]
"It was a good experience using flyrobe . I had to just click , wear , pay and return sitting at home itself . There was no issue with there any kind of services .",0,['ops']
This is a fraud company. Worst service I booked a jacket which was never delivered to me and at the end moment I have to go and purchase one before the event. There was no response from customer care as well. Don't trust them.,1,[]
I am vry disappointed.Though I booked my order about 20 days prior n they confirmed it too. But They cancelled my order jst five days before delievry date bcz that dress was not available.,0,[]
Flyrobe has the best collection of clothes and new trends but roposo has disappointed me does not have a good collection like this application does !,1,[]
"Very versatile collection flyrobe app has till date , no one can be disappointed , to rent clothes online at a cheaper cost and enjoy the services .",1,[]
Flyrobe works the best for me ! There is nothing quite as good as this app to rent clothes on the go and get such good services .,0,[]
Other apps like koovs and voonik have disappointed to me and provided me worst quality clothes . It's nice that this app isnt like them thank you flyrobe !,1,[]
"IndiaÃ¢ÂÂs largest fashion rental service with a virtual wardrobe for any occasion at your disposal , allows you to rent your favourite outfits. Western or traditional , you have a slew of designer clothes to make yours , if only temporarily.",0,[]
"The company lends clothes , bags , and jewelry. But there is no doubt that apparel Ã¢ÂÂ they supply both western and ethnic wear is the biggest draw. The company sources from brands , upcoming designers , and stores that design their own merchandise.",0,[]
"Other apps like koovs , voonik , myntra have disappointed me in online shopping and provided me worst quality clothes . It's nice that this app isnt like them thank you flyrobe for clothes on rent.",0,[]
The new flyrobe app has gone crazy in the app store market and every human being is crazy about this upcoming app which provides you different kind of clothes that too on rent at a cheaper cost,0,[]
Why it is on rent only..,0,[]
want some designer oufits? but cannot pay such huge amount? no problem just try flyrobes they provide clothes on rent . all the designer outfits here will just blow off your mind . just pay the rent and you have one .,0,[]
"i had earlier used koovs , and i used to shop here . but the quality of the clothes was not so good , and also the fitting was not proper . my friend then suggested me to use flyrobes , here they rented clothes and also the quality of those clothes was good , and also the fitting of the clothes was perfect .",0,['ops']
"i tried buying clothes roposo , but poor quality , had a bad experience . but after trying out flyrobes and looking at the quality of the clothes , i am surprised and am very happy with my experience on flyrobe .",0,[]
"I dont know why i did not give a negative review the first time i ordered. Probably that was because i thought things would be better the next time. But no! I have had a horrible experience with flyrobe, not once but consecutively for the fourth time! EarlierAfter a lot of hassle i used to get a dress at the doorstep atleast. But this time you went a step further in proving how mismanaged the whole staff and logistics at your place is. Never ever going to order and waste my time on this useless app/website!",0,['tech']
Hannah's,1,[]
Ordered a small size gown for my sister and got the size of a 6 feet tall girl..also the dress was looking very old.,0,[]
"I have used Koovs app before but when I ordered a dress from it , it was delivered very late and the material was also not good . My friend told me about Flyrobes and I thought it would be good to rent clothes at such reasonable prices . I did and the quality of the dress was so good that I rent clothes regularly for every ocassion .",0,['tech']
"Cant login, website is not user friendly! Read the negative reviews but still tjought to check it up as i need dresses for 7 programs but i cant even login!",0,[]
5/5 stars for this app as it has made me believe that renting clothes from online shopping app is not a bad option . Great app !,0,[]
"I didn't receive my outfit. No follow up at all. I called customer care and they told I will get a call but till date no call. It was very disheartening exp, waiting for outfit. Worst service. Will never suggest any one ...",0,[]
Nice collection but of NO use. As they don't answer the calls neither do they revert to mails. And finally after a week when they realize that there is a mail in the inbox.... They reply with standard copy paste answer... They don't even have ethics to go through the entire mail before revert to it with irrelevant answers. Won't ever recommend or use their services.,0,[]
i was so shocked when i heard that all the designer dress can be your's by just paying the rent of the order.great app flyrobe is.,0,['tech']
"i have used many shopping apps before , but all of the apps has some or the other problem , but when i used flyrobe i did not face any such problem.",0,[]
women shopping just got easier.thank you flyrobe.now i can rent any of the dress which i want.aweosme app.,0,[]
I was order dress bt thn not cnfm and tht it was a rent dress.,0,['tech']
the bst shopping app ever.Flyrobe !you would get all those branded clothes at a cheaper rate.,1,[]
I had ordered a pair of jeans from koovs but while making the payment the app crashed terribly and I had to cancel my order. But when I used the flyrobe app it never crashed during the payment. I really like this app a lot !,1,['tech']
"i had bought a dress from voonik and the quality of the dress was not so good , and then i saw the same dress on flyrobe ,alo i just had to pay the rent of that cloth. best app ever.",0,[]
I would no doubt rate the app with 5 stars for the collection of clothes available and it is the best women shopping app.,0,[]
Ggggg,0,[]
Goog,0,[]
I had ordered a dress from koovs but it was delivered really late and the quality of the dress did not seem good to me so I had to return the app. I then tried the flyrobe app and ordered a maxi dress. The dress was delivered really fast and the material was too good. Amazing app !,0,"['tech', 'ops']"
Fantastic app the flyrobe is. I have never seen such a good app in a while. Too good the app is !,0,[]
"i had used the voonik app before and i was not happy , the quaity of the product was not good and also took very much time to deliver. nice app.",0,[]
"i have used many other shopping apps which used to consume a lot of battery , but after i used the flyrobe app i did not see any such thing , flyrobes does not consume much battery.",0,[]
Hmmm,0,[]
Flyrobes saves a lot of money and time of mine as I dont have to keep buying new clothes for every ocassion . I just have tro rent them from the app ad they get delivered within a day .,0,[]
"Dis aap isnt wrking. Firstly it never logins and if anyhow it does, immediately after a second app stops wrking.",0,[]
Abhi,0,[]
Wooow ! This was my reaction when I first saw the flyrobe app . I never saw such good collection of clothes at such affordable prices .,0,[]
Do not have time to go and rent a dress? Downlaod the flyrobe app and choose a dress and make the payment . The dress would be delivered in a day and you can keep it for 4-8 days .,0,[]
My aunt wanted to buy a saree to attend a wedding so I suggested her to rent the saree from the flyrobe app as even my mom has done the same . She ordered a saree and I got rs600 coupon on her first purchase .,1,['tech']
My aunt wanted to buy a saree to attend a wedding so I suggested her to rent the saree from the flyrobe app as even my mom has done the same . She ordered a saree and I got rs600 coupon on her first purchase .,1,['tech']
Crazy about this app,0,[]
I liked the app but since the deliveries are for certain cities only it was not helpful. Please try coming to other cities or have the dresses delivered.,0,[]
Fantastic the flyrobe app is ! I had recently rented a sabyasachi lehenga for my brother's wedding . It was just out of the world . I did not feel like giving it back .,0,[]
Keeps crashing!,0,[]
"i had used the voonik app before and i was not happy , the quaity of the product was not good and also took very much time to deliver .nice app .",0,[]
coolest app ever the flyrobes is .deserves 5 stars .,0,[]
Executives are not at all professional and very rude..my outfit hasn't yet come and my show is due in a day..this has put me in an unnecessary tension and it is so difficult to arrange for the clothing..worst app to try for..,1,[]
Looks like something wrong grappr not fulfilled promised all reviews and rating are not paid and positive,0,[]
"No response, same repeated answer since so many days , my security deposit rs 1360 has not been credited yet for the order of 11th december. Lost trust completely.",0,"['tech', 'ops']"
cannot imagine that the designer outfits are rented at such affordable pricces in this app .,0,[]
Flyrobes never failed to impress me . The changing offers impress me and the prices of the outfits too as they are very cheap . I always rent clothes from flyrobes .,1,[]
Enter referral code for discount.,0,[]
"When i login in the Flyrobe App, the app force stops whenever i click on My Order. Plz fix it. (Android 6.0)",0,['tech']
I had purchased an armani shirt from voonik but the quality of the shirt was so poor and also they took 10 to 12 days for the delivery plus i had to shell out 5000rs for this . I then saw an ad of flyrobes in which I could rent the same shirt at just 1999 rs I was amazed and rented the shirt . It was delivered within 2 days and the quality was commendable .,0,['ops']
RAJU SHAIKH,0,[]
i always shop from the flyrobes app and seeing me shop from flyrobes my family also rent clothes from the flyrobes app .,0,[]
Nyc,1,[]
Rent is too high,1,[]
The collection and designs are good. However the technology and app is very bad. Payment was deducted from my account and the dress has not been booked. Filters not working. And these issues are faced multiple times. The team should definitely look at rectifying these issues else will end up losing customers.,0,[]
"They don't reply,they don't give a response on the chat section, their phones are switched off !! Really bad experience.",0,[]
"Worst service, dint got my security deposit even after 15 days , they want a proof of cash payment , call centre asking their delivery guy that he took payment or not , jaise ki bina payment that guy was gonna handover me the parcel .DUMB people AT flyRObe. Worst , lost trust and never ever gonna use it.",0,['ops']
Worst app logg in he nahi ho rha hai trying from last 1 hour fake app,0,[]
I ordered one dress today fr the slot 1-3. I m calling the delivery boy from 2pm n continuously he was telling dat he will come. Now it's 6:15 n he stopped picking up my calls.,1,[]
Disappointed as always,0,[]
Busy schedule no time for wedding clothes shopping . . ? Install flyrobe app here you find branded as well as new fashionable collection for men and women .,0,[]
Want to go for Pre - wedding photoshoot no idea what to wear? dont worry flyrobe helps you . here you can find all branded collection and new stylish clothes on rent .,1,[]
"Flyrobe is one of my favourite fashion store , they provide all the clothes on rent , I had rented western gown just for Rs .1299 which actual cost is Rs .10500 .",0,[]
Only for metro cities...really disappointed,0,[]
I stop buying costly designer sarees from the boutiques . this all done because of you my dear fly robe . i just can not stop loving you . i suggest you all frinds please install flyrobe in your mobile .,0,[]
I have very bad experience . i rented one blouse it was smells like dead fish . very poor quality clothes . they just displaying high figh clothes . please do not rent any cloth from flyrobe app .,0,[]
i can not imagine that the The Bridal outfits are rented at such affordable prices in this app . this app is not only useful for bridal but also for groom . very royal collection for bridal and groom .,0,[]
i can find Weekend Getaway through flyrobe . here flyrobe offers us 3 outfits and 3 bags from their entire western wear collection and keep such bag and outfits for 5 days . . . . .,0,[]
I just hate it very unuseble app,0,[]
Not showing anything bullshit,1,[]
I have been waiting for my refund since last 20 days. I had put the details on website as well as I got a confirmation call for the refund initiation but still no clue. Now they say they don't have my details.,1,['ops']
Star,1,[]
Fck app..... Blank screen nothing appears,0,[]
Wanted a suit for 22nd. Couldn't get. Should have more supply per demand.,0,[]
The outfits that youÃ¢ÂÂve always seen on the celebrities are now yours. I am not joking my friends just sit back and listen up It Is possible due to flyrobe application.,0,[]
Flyrobe is not only a good app but it is also more good for collection of clothes. i would personally recommend this online clothes renting app to all my freinds.,0,[]
"Your Suits are Limited , If anyone tries to checkout the msg shows some items are missing , kindly choose something else . why??? You are making me Fruatrated ....you haven't mention any policies regarding damage of suit ....what if your items get lost or spoiled by party beverage on suit somehow what will you do to us or what will you take and how will you settle the cost of suit.....Nothing had been written",0,['tech']
I may think that designer outfits are out of reach as they cost hell lot of money. But now it is possible to me to rent such designer outfits at very low cost.,1,[]
Time waste app,0,[]
this App is not what they are showing in ads,0,[]
Worst app ever... Never deliver there orders. Just fake promises. Not worthy of your time. Dnt even download it,0,['tech']
Reference code,0,[]
Lol bullshit app,1,[]
Use refferal code 2CK00O6 .. spell zero zero alphabet O,0,[]
Its awsome we can have what fashion we need... And plus point we dnt need to buy it... Just njoy on rent mannnn.....,0,[]
Worst,0,[]
Monu,0,[]
Awaiting from chennai !!!,0,[]
I never rent or buy outfits as i was not sure with thier quality. but because of this app I have changed my mind and have realised that renting clothes online is not a bad option. I like it.,1,[]
All way had bad experience Ã°ÂÂÂ,1,[]
5star app,1,[]
Really gold app fail all app,1,[]
Earlier i tried roposo and koovs for buying online clothes. But their customer service is weak and they are really irresponsible. Then i tried this flyrobe app and it is really one of the best app for womens and mwns shopping.,0,[]
Jaipur city is not added in this app... what a crap,0,[]
"There are different kinds of rentals available for you to rent clothes from the Flyrobe fashion app. Rent clothes for 4 , 6 , 8 days or more , depending on your need.",0,[]
"Different clothing brands from all over the world can be found on this exquisite app called Flyrobe. Now , women shopping for different designer brands should try the Flyrobe app.",0,[]
"If you can't buy a particular attire , no worries , as you can rent clothes using the Flyrobe app for any period you like , be it 4 , 6 , 8 days or more.",0,[]
Waste of time,0,[]
Not able to use this app .. coz m from Assam .,0,[]
FÃÂ©vÃÂ©nt kaha hai bhenchod?,1,[]
"I use this app so that I can rent clothes whenever I need a dress urgently for an occasion which are higher priced , if a dress does not fit your budget .",0,[]
"Whether you want an ethnic bridal outfit or an exquisite western suit whenever you want it , you can rent clothes with this fashion shopping app during the times of emergency",0,[]
Will it be Available In chennai,0,['product']
"For checking the prices of various designer brands of clothes , I used the KOOVS app . As I got to know about the Flyrobe app , I found it more simpler to use",0,[]
Make it available in kolkata also.,0,['product']
Who came here after watching AIB video Fevent,0,[]
Used coz of AIB !!,0,[]
Not available in my city ( surat ),0,['product']
You should test this before launch. Can't login through. Fb,0,[]
Waddup AiB fans!,1,[]
Tanmay Bhat ne bola isliyea kiya download Ã°ÂÂÂÃ°ÂÂÂÃ°ÂÂÂ,1,[]
How many download bcz of fevent app??Ã°ÂÂÂ,1,[]
Chutiyapa,1,[]
Referral Code - L1TP95I,0,[]
Abey kolkata mein to yeh hai hi nahin,1,[]
Not available in pune where there is vast market for Them. Really disappointed.,0,[]
Bullshit ad,1,[]
Rental price is too expensive....instead of getting it on rent one can buy a new cloth of that price...too expensive,0,[]
Just came here out of guilt for 1st button RIP 1st button Ã°ÂÂÂ¶,0,[]
"BC! instead of sponsorships, you must focus on app development. It's not responding. I couldn't sign up.",0,[]
I hate it because it's not fÃÂ©vÃÂ©nt,0,[]
Lovebirds of lord satan and lucifrr,0,[]
21EGY3W referral,1,[]
Kitna pesa diya AIB ko?,1,[]
Referral 4UIETX9,0,[]
Only downloaded because of fevent,0,[]
Only available in 5 major cities.. not in ours..,0,[]
Cheap marketing techniques and fake reviews,0,['tech']
very very awsemcloths,1,[]
Not in Kolkata,0,[]
There's only a few selected cities. I live in Calcutta so I can't use this app.,0,[]
Flyrobe enables you to rent branded clothing which you'd have just dreamt of wearing someday in the future. But the future is just one click away now.,1,[]
Not only for women but also for men this application has been a boon. I always hire suits and tuxedos for different fancy occasion at my office and in family.,0,[]
My hunt for a website renting clothes ended with Flyrobe as i no more have to purchase expensive clothes and wear just once.,1,[]
"If you find it hard to get outfits of famous brands on rent flyrobes is the saver you get whole collection of latest brands unlike koovs which is highly expensive on outfits,",0,[]
Actually once i was searching for a designer jacket online for rent then a came across this flyrobe app and since then i never thoguht of any other app for shopping.,1,[]
Worst app :/ extremely disappointed,0,[]
I am here because of AIB.,0,[]
I downloaded app for aib ad,1,[]
"Guys, I had no clue that Flyrobe could be a such a classic collections of designer and branded wear. It also has trending collections so that i would stay upto dated.",1,[]
